INSERT INTO enote.users (login, password, name) VALUES
('test1@test.com2222','79a5c3c193388ffc29e1a11cb42ae90b4684a3b10c6220109e94d23ec33af1ca','Test1'),
('test2@test.com2222','60303ae22b998861bce3b28f33eec1be758a213c86c93c076dbe9f558c11c752','Test2'),
('test3@test.com2222','fd61a03af4f77d870fc21e05e7e80678095c92d808cfb3b5c279ee04c74aca13','Test3'),
('test4@test.com2222','a4e624d686e03ed2767c0abd85c14426b0b1157d2ce81d27bb4fe4f6f01d688a','Test4'),
('test5@test.com2222','a140c0c1eda2def2b830363ba362aa4d7d255c262960544821f556e16661b6ff','Test5'),
('test6@test.com2222','ed0cb90bdfa4f93981a7d03cff99213a86aa96a6cbcf89ec5e8889871f088727','Test6'),
('test7@test.com2222','bd7c911264aae15b66d4291b6850829aa96986b1d3ead34d1fdbfef27056c112','Test7'),
('test8@test.com2222','1f9bfeb15fee8a10c4d0711c7eb0c083962123e1918e461b6a508e7146c189b2','Test8'),
('test9@test.com2222','b4451034d3b6590060ce9484a28b88dd332a80a22ae8e39c9c5cb7357ab26c9f','Test9'),
('test10@test.com2222','ec2738feb2bbb0bc783eb4667903391416372ba6ed8b8dddbebbdb37e5102473','Test10'),
('test11@test.com2222','744ea9ec6fa0a83e9764b4e323d5be6b55a5accfc7fe4c08eab6a8de1fca4855','Test11'),
('test12@test.com2222','a98ec5c5044800c88e862f007b98d89815fc40ca155d6ce7909530d792e909ce','Test12'),
('test13@test.com2222','166fb78f0f44d271a2d9065272a67ba373c3266b59d85847c02ef695af0cbf3f','Test13'),
('test14@test.com2222','40cca5cc13abf91c7d5a72c0aea9bcbea4108946e67f24c0c23003cbf307efa2','Test14'),
('test15@test.com2222','ebb39b342baead7aa52c0bcd6c0d4ba061b42f3a9dd6bafa2407a096b91b2450','Test15'),
('test16@test.com2222','8ffd063b93a29f84389a635552740a9f0a7234169994158fb19692f5964dd7f5','Test16'),
('test17@test.com2222','813e41d4092656716cb0b46a1e5002857066cdaef8decf182ae15abf0b43b8d5','Test17'),
('test18@test.com2222','b3c0e5febe1ec8875cd4a06fa4a99abf270de3f131d83a65f897322edbc12aec','Test18'),
('test19@test.com2222','840b1bf550a873a1dbed1381abe379cb9f1e76067b6de54bcd37367ce6ca3c0a','Test19'),
('test20@test.com2222','946cc198869790373cd8424cd9073e9e29aaa17b6f6a6ec55b38110cae856385','Test20');
-- For each accounts passwords test1, test2 ... test20 respectively

INSERT INTO enote.notebooks (user_id) VALUES
('1'),
('2'),
('3'),
('4'),
('5'),
('6'),
('7'),
('8'),
('9'),
('10'),
('11'),
('12'),
('13'),
('14'),
('15'),
('16'),
('17'),
('18'),
('19'),
('20');

INSERT INTO enote.notes (text, notebook_id) VALUES
('Text example 1','1'),
('Text example 2','2'),
('Text example 3','3'),
('Text example 4','4'),
('Text example 5','5'),
('Text example 6','6'),
('Text example 7','7'),
('Text example 8','8'),
('Text example 9','9'),
('Text example 10','10'),
('Text example 11','11'),
('Text example 12','12'),
('Text example 13','13'),
('Text example 14','14'),
('Text example 15','15'),
('Text example 16','16'),
('Text example 17','17'),
('Text example 18','18'),
('Text example 19','19'),
('Text example 20','20');